a,333,lina bkk,s,file:/D:/java/DoraCondo/src/main/resources/letter/333j.png,fox,-- RECEIVED --,01/11/2020 11:02:39,abc
b,555,lina,s,file:/D:/java/DoraCondo/src/main/resources/letter/555j.png,dewey,-- RECEIVED --,01/11/2020 11:29:30,test
lina,911,dewwy bkk,m,file:/D:/java/DoraCondo/src/main/resources/letter/911j.png,dewey,-- RECEIVED --,01/11/2020 11:03:50,lina
b,555,dew bkk,L,file:/D:/java/DoraCondo/src/main/resources/letter/555jj.png,dewey,-- RECEIVED --,01/11/2020 11:29:46,cccccc
a,333,we,wefw,file:/D:/java/DoraCondo/images/testttttttttttttt.png,dewey,-- RECEIVED --,01/11/2020 11:40:36,aaaaaa
